<?xml version="1.0" encoding="UTF-8" ?>
<!DOCTYPE mapper PUBLIC "-//mybatis.org//DTD Mapper 3.0//EN" 
	"http://mybatis.org/dtd/mybatis-3-mapper.dtd">

<mapper namespace="com.ssafy.vue.model.mapper.MemberMapper">

	<select id="login" parameterType="memberDto" resultType="memberDto">
		select username, userid, email, role
		from ssafy_member
		where userid = #{userid} and userpwd = #{userpwd}
	</select>
	
	<select id="idCheck" parameterType="String" resultType="int">
		select count(userid)
		from ssafy_member
		where userid = #{userid}
	</select>
	
	<insert id="registUser" parameterType="memberDto">
		insert into ssafy_member (userid, username, userpwd, email)
		values (#{userid}, #{username}, #{userpwd}, #{email})
	</insert>	
	
	<select id="userInfo" parameterType="string" resultType="memberDto">
		select username, userid, email, joindate, role
		from ssafy_member
		where userid = #{userid}
	</select>
	
	<select id="getRefreshToken" parameterType="string" resultType="string">
		select token
		from ssafy_member
		where userid = #{userid}
	</select>
	
	<update id="saveRefreshToken" parameterType="map">
		update ssafy_member
		set token = #{token}
		where userid = #{userid}
	</update>
	
	<update id="deleteRefreshToken" parameterType="map">
		update ssafy_member
		set token = #{token, jdbcType=VARCHAR}
		where userid = #{userid}
	</update>
	
</mapper>