<?xml version="1.0" encoding="UTF-8" ?>
<!DOCTYPE mapper PUBLIC "-//mybatis.org//DTD Mapper 3.0//EN" 
	"http://mybatis.org/dtd/mybatis-3-mapper.dtd">

<mapper namespace="com.ssafy.vue.model.mapper.StarMapper">

	<select id="listStar" parameterType="string" resultType="StarDto">
		select s.starno, s.aptCode, hi.aptName, concat(d.sidoName, " ", d.gugunName, " ", hi.dongName) lawArea, 
        concat(hi.roadName, " ", trim('0' from hi.roadNameBonbun), " ", trim('0' from hi.roadNameBubun) ) address, hi.buildYear
        from star s, houseinfo hi, dongCode d
        where s.userid = #{userid}
        and s.aptCode = hi.aptCode
        and hi.dongCode = d.dongCode
	</select>
	
	<delete id="deleteStar" parameterType="StarParameterDto">
		delete from star
		where userid = #{userId} and aptCode = #{aptCode}
	</delete>
	
	<insert id="addStar" parameterType="StarParameterDto">
		insert into star (userId, aptCode)
		values( #{userId}, #{aptCode}) 
	</insert>
	
	<select id="getStar" parameterType="StarParameterDto" resultType ="int">
		select count(*)
		from star
		where userid = #{userId} 
		and aptCode = #{aptCode}
	</select>
	
	<select id="getStarByAptCode" parameterType="long" resultType ="StarDto">
		select hi.aptCode, hi.aptName, hi.buildYear, hi.dongName, hi.roadName, trim('0' from hi.roadNameBonbun) roadNameBonbun, 
        trim('0' from hi.roadNameBubun) roadNameBubun,
                 hi.jibun, hi.lng, hi.lat, hi.dongCode,
                hd.dealAmount, hd.dealYear, hd.dealMonth, hd.dealDay, hd.area, hd.floor, max(hd.dealDate) dealDate,
                d.sidoName, d.gugunName
        from housedeal hd, houseinfo hi, dongcode d
        where hi.aptCode = #{aptCode}
        and hd.aptCode = hi.aptCode
        and hi.dongCode = d.dongCode
        group by hd.aptCode
	</select>
	
	
</mapper>